algo,transform,sample_size,std
pdq,Flip,250000,0.000836699401550054
pdq,Rescale,250000,0.0016733988031001155
pdq,Watermark,250000,0.0004941058844013457
phash,Flip,250000,0.005160042188932775
phash,Rescale,250000,0.00669359521240042
phash,Watermark,250000,0.0
wave,Flip,250000,0.0
wave,Rescale,250000,0.0
wave,Watermark,250000,0.0013947333524720732
